charge,booking_id,raw_row_number,
"cpf-speed in sz,ndl,nli",cf2cac3d5e9af1d11aeef3b045e68753,312256,
"cpf-nli-prior,vpta-10days",245c8a323dff74d68911eacfd7185098,216769,
cpf-open container(driver/passenger),3336b2f3703b143e2380d31d795337e1,135816,
bpd / cap profine / parking facing traffic -2 way roadway,21890ca45362a205dd8c8f111bd8c771,98181,
capias profine/misd,bdcbb40f635924e227c32c080b96a790,23731,x
traffic-cpf,aa69ba31b39cedc912b35f4bd71b3678,131179,x
"cpf-fail to cont spd,fta",215be4deb33900adaaa9b0c4a91ed9c3,338327,
capias profine/misd,4dd641c922e0382c6c85a94909dbe979,16748,x
failure to pay toll after notice of nonpayment,d5f1374ca9ad79b9664af7efc03041ed,107969,
capias pro fine - no dl,a7581811b2e37de15c0b9adf44921444,17369,
display regitation for another vehicle,b9806b05f72c4aac5a1f629a63c7fc95,65673,
fdl comm: ftp dc,280ab0c7588efa6436eb20488c364566,7398,x
failure to pay,d053436de91493835a551ecd95e69b64,1530,x
capiaspro fine/ driving while license invailid-no dl,4dc22ccbae289194aa8ffed6b341d0ab,74154,
capias profine/misd,57b94d125c906cb0b7f61c7418353d32,33438,x
cpf-speed/ndl/nli/vpta,16452d353edc6f97bd5dc9d9a3ed4317,360868,
capias profine/misd,f1d2aae468eea2d86f9c6e9e0811f3f1,8451,x
cpf-no liability insuranc,596278b69b7b056a163e70a43cc8a54f,478984,
poss of drug para,b3ef00ba66e36ef4ebb12e8c5661b21b,49033,
cpf/driving while license invalid,b91d78eb3005a38c5b8efded0333e4ba,153352,
failure to pay,ca42ff293e18c2cda7946aa99c6dd61e,14468,x
cpf-no intact animal per,945d1e9bb5b997e39ad303e110a651dc,452883,
no operator lic-cpf,385a045e95e570caed8585b92662c6d3,206752,
criminal nonsupport/capias profine,5177510563704d834060432870c861fb,9793,
fail to appear (orig offense class c misdem),357c502520f245b9bba464b0ff132c8b,76114,
assault causes bodily injury f,826dd38b0096c4b2674cb84e677b91ff,35199,
class c misdemeanor,cf0ccdea06120a28e64bc7cc8752cf25,34413,x
cpf-speed; dwli; vpta,14763f99a136c3e2ad5283671b0a5317,413988,
tamper w/government record,b0f3c4f78c23331271357663fcb6da1f,10925,
municipal hold - gpd,8c751f00c92ca6e84ddd1d82f99dea87,249286,x
probation hold,7db179c4bf84a395b7a18b13e1042e0e,67081,x
bail jumping and fail to appear,dd0caf8c3f38e38cc9be61e131fe4a4b,51990,
fail maint fin respon-cpf,eec543fe94b57924fe611c9f9baffe61,413770,
public intoxication,43a80667f75f1a6a19e3709834693af1,41662,
capias profine/misd,e89686db5d6d436cf70af52247795f9c,10957,x
capias pro fine/display expired license plates,830850a213d68fe948a5e2953a2bc69f,81015,
cpf - hinder apprehension/prosecution,7a28aa20e6a4aa92c8156817a5c6a844,197475,
cpf (ftmfr),f7c8d82aba35bad05a6714e9b6325f87,55345,
no drivers license when unlicensed,c33d8ebb14f1da1706aac8454851f6ef,19433,
speeding 70/35,eec688d2d9111ca94f071b1aa28a65a5,10210,
com/drug paraphrenalia/possess,c4d1636925f5a7abbecadb28d543af7f,275099,
drvie w/o vald insp cpf,74af06bb08c48efa625137d24cfcc1cf,162263,
"cpf-ran red lgt,ndl",f829a3af3ada4cd9b76ea081cd664046,362268,
cpf-fno liability insurance,be0f8b89024e807684f74eae419b34c8,228478,
multipile traffic violation,43164b0601d93df4b40a6b27278d02f8,66712,
cpf/vpta-c (kyle muni),60d1e846a423877e0b847f2040f6200d,33203,
cpf/expired dl,c49f45fa2593d12cf0a639b4bcf908b0,23138,
capias profine/misd,38a06ea8831564726b77d21a2ea6e813,18468,x
tamper w/govern record defraud/harm,444658cb766d308ce85facba9ba3ed24,736,
no drivers license,8042e81cc891970360edab3371aa4489,62976,
speeding up to 25 over posted limit,95c11b475e764f2c01ca693fee2fe187,47532,
speeding-radar-cpf,b01478e2921068bbe2a2614c8ff43966,41234,
theft >=$50<$500,e50c67b239ad1f58aa3db10acf7a3c92,220994,
capias profine/misd,18d4bdb45bedc02959a8e8418dfbedd9,33744,x
minor in consumpiton,cbc579816de0054efc48197a480deee3,8992,
bpd/cap prof/doc language,36aeb2e9b76fc4bb0bb1759689d09eb8,31962,
cpf-disp exp lic plates,f491a040d5806536b0990c5e42d32472,89777,
violate promise to appear,f64f0002fe613d825318167a06df546b,3460,
cpf-vpta,347a64f3573bcd18c7bfc6c33b0842bc,148715,
cpf-driving while license invalid,18810efd9f03310a65e3faa71c5f331b,227232,
campbell municipal warrant,3dc3f1fbf31aa08760ddd5589ca39ecf,21613,x
driving while license invalid/suspended - d,034c909bbfed3db05d0d60a6aa9fa2ed,51854,
tyler transfer,cb81df3e74f5e6af7e521213ac0be427,28872,x
traffic-cpf,d6e4c0d47a6f7f3dedd60a1a45a2dac3,49481,x
fail to yield r.o.w.,7df933e896a79473440063cd744364d7,9584,
possession drug paraphernalia,98cebad670507c8edcc39ad274984bb7,41769,
commitment order,73fa7c795fa1270b5db53d4a910c9904,7313,x
capias profine/misd,0252155950422bc478e87839c4d9d4a9,38661,x
hold/cpf,99b3ba2890d9fa84cd0a68819b298943,2690,x
cap prof/dwli,f8df762ff3358424b2897653d35af956,54241,
cpf-consumption of alcohol minor,1276bb9398d8104adfd05ffe416eeab7,9949,
ftmfr-cpf,b6aa152ce875321d84935dc7893246ed,37440,
cpf-traffic,47e52533985e2f3122ac73f48f3e7fe1,52001,x
capias profine/misd,f6d2b3f4015bfb8d8b96d403a268cae3,12769,x
capias profine/misd,b50e02e534f72310420040c684d0c85d,44221,x
violate promise to appear,7ec4bbcdc4bc2767a9a5835856a9ca80,23792,
fmfr cpf,0607041cf41f321b7fc5124aa17b9514,215453,
no drivers license,2b627befb826435195ba418c03ae4cbd,62929,
capias pro fine x3,9784e2cf7300a35e14cb928a4c8ad0f1,108282,x
cpf/operation of uregistered motor vehicle,ae434bbde1616b608343e107f58501ef,326540,
alias-cpf/accident involving damage to vehicle>=$200,b5733917b0215b6db28cc8ad303bc7c2,146152,
cpf x 1,6360165c40cac4c92af8f33446c61326,63738,x
cpf/ibc (hays),90debc2347264df9213a8ddf609fda85,13919,x
public intox-adult-cpf,6f8503209f3e3a76c9accef561cd7275,463295,
fail main fin resp - cpf,2d0db98a767f2b013097a8d49628597e,79061,
capias profine/misd,de87027abec2ce2d802278241d3b7324,36515,x
onalaska municipal warrant,de659da20637c035f31e36431fa1b6b2,28039,x
fail maintain financial responsibility capi,1dffd2d90207fcf79aa79c95656b2cee,32710,
expired registration,5be3c38c2602aa62177f7a405dc3e46f,47224,
capias pro fine(theft prop>=$500<$1500),b75c2c353ecf4734d65f381ccfa4c771,18352,
bpd/cap pro cs def/doc lang,c264cbb899efa1d7c8d11d9b21bd659a,75920,
cpf/fta,b8f8c0f3cc18e440f95b29f890fc70ca,35714,
expired license,b5a3b6d23933027ea52e8ecbb0f8a8a5,65687,
assault by contact class c fam viol,d0ab8dea9e761886a94c49fb15524ee3,7443,
capias pro fine poss or discharge danger toy in city limit,0ee16dde3ac66b729eb4961232d509b9,209392,
poss.or delivery of drug paraphernalia,07e53085dfe804f87255761770aecb1a,26851,
capias pro fine,8f42984d8e4c168c9fd50c683aeb9f5b,150792,x
municipal hold - gpd,fdad00b473f813c37d90c1da19256e77,210938,x
capias pro fine/operate unregistered motor vehicle,003dda763c05d02b7201bc8c5331c6c9,17518,
public intoxication,5b198f21ba35a85edd4807685a7970c7,30211,
pedestrian crossed between intersections where prohibited,4f8153434805d2263db67f586448418a,34407,
fu / cap prof/tamper fab phy evidence,407bd5f67014ea0308ab9aa4c0fa35cf,3447,
interfer w/public duties,6264a1f8240e7ac95e36e98f30fc8b9d,17365,
cpf-traffic,239933892ca4d60ceb3caa9ba7585c23,32237,x
public intoxication,c36cb533354dc9f012aaaabd3f3881e1,29209,
cpf/ibc-c,432e9eb06718965ae52999bfa1dcfe16,75419,
no dl cpf,3e0bfc9c593e9c4bafe3d9bfcccbf0db,97499,
theft stolen prop >=$20 <$500 by check,8c3ae5c39bfe11fe2e95e9de0ea2f4c1,13292,
wrnt-no seat belt,79d0135a1b28f1b01d5b7e70daa6f7b8,3371,
cpf/dwli,440f6d3cb4c8b735ed4b09f19d870c0d,315735,
ftmfr / cpf,75c409ba009911e60b4a7a29018d6359,54809,
ftmfr cpf,311469c23b62231c65e8f2d7a9c94f5b,142830,
"c- dwli, cpf",ee19ba1c24e263b6c89704e273eb856b,189786,
capias pro fine/fail to control speed,10d4abee2e68b23c1921f5aa2c18da49,123899,
no drivers license,9c9ee18b6228acc7ebfd97d74885b35b,29867,
improper left turn (left turn from wrong lane),a107b061716fa1c43dbca729bc19aacf,25092,
"a-resist arrest, cpf",efb5d0f8f85bfefcd974651c5a30e17f,204866,
capias profine/misd,dda47b6cab36dd689fcb4c90e5abc351,4625,x
capias pro fine,804dae6c0f5cd6a55bd3656acb83c32e,193930,x
"no dl,nli,vpta-cpf",8ca9ea2d9fc0bab59844e770ae6e8d3b,395553,
municipal ordinance/ftp,73466ac03125799a7e0fa01098d852b9,28373,x
cpf x 5,7f3a5682346276b770fbd62d3c7b310e,44286,x
public intoxication(mppd),6a70189e8297e481e6c8571a625371eb,23855,
poss marij-commit -fines of 283.00,49128d2d3b901f9f0c6e0b891a916857,1783,
cpf-theft u/$50.,e2617dce7e59b088e7d8a578edacc343,302798,
no seat belt,32fc74dbea608c178269a6a915ab6020,14969,
cpf speeding 11-15 over legal limit,1b127a0753d3684aa04c76bacab86391,6854,
public intoxication,54f3b21ff37fb07adcfd485be28b136d,912,
cpf/unl carrying weapon,6a176a61264267b141c9f1bb6f35a7da,35863,
no seatbelt passgr-cpf,60e6b6a1d1b264e79e30e7cbee8baefc,3887,
municipal ordinance/ftp,142c4854bf0d85047e4c3848ed410b78,36361,x
capias pro fine(minor in consum alcohol),b4611376911fe345a2fd079daecf8e09,187847,
failure to appear,2ceddd2624299473e45de49fe7e184ef,158950,
traffic-cpf,35d574c3ceebe212cea2b8d3ef12f4fa,162570,x
cpf-traffic,7bd1ddb930eaa60c761e41978cddde1a,49336,x
possession of drug paraphernalia,85e98643dae59dccd8e275c1ca39d644,93613,
public intoxication,936c5080a064bab8ef2f69867245332a,26265,
failure to pay,814d5b4cd40f495cb9edd1258c7082ae,8736,x
capias profine,34d48b2f6f43b729dfe41ddfec2e1196,4047,x
"ndl,nli,fta city ord-cpf",ecbd50de8fec4409d9c0fdd2db33baa2,368940,
fail to return library prop.,0c5b12299464ced5ff2842db8ef276b0,22407,
capias profine/misd,367b57d943b3ca2a169f96bdf3b3a851,45498,x
fdl comm:theft of move prop,61600171ac66e13919ac0fd7a55afca7,9568,
speeding,36289cc33d33c8b69e5606fecb88a709,65958,
cpf-no seat belt child,d511da2bd0eac69abefd745a869de872,1502,
capias profine/misd,8b1011508b7b22cb7919803fe0a60801,6787,x
"exp dl,open cont-cpf",bfac7cd78c700a3caeb1596801f8af99,217568,
traffic-cpf,8c52df86b3c3b5af02cc887650e1aa24,321285,x
failure to pay,07c967bd72471519c80886199673fe9e,7745,x
traffic offense class c--speeding,d1e2316b622977f0b3516654bca390f8,20587,
trf/drove while license  susp/cncl/nivl/rvkd,90533863dbe70817a7c41cc2b2c722b2,357787,
cpf/public intoxication,aac1afc9e655df8ea547df6a92d7d1eb,38035,
cpf/driving w/lic inv w/prev conv/susp/w/o fin res,d8689576d33e27b977d41d2d6f206e2e,23733,
theft u/50-fta-cpf,3691398c9cc182e227d0ce6dbc403b5d,85169,
capias profine/misd,7356964d3aa23dda162c828d9d2e4124,20477,x
capias profine/misd,3f0cc740815a510f28a2a530d19f3895,16134,x
municipal ordinance/ftp,64105db4696706dd1c848a81508de426,35515,x
doc-reckless exposure-cpf,51c34a265da684a958f2364d49c3b2cf,77297,
violate promise to appear-burnet co,8e20ecd8430aab07c327eeb5c53fd460,8550,
cpf/dwli/no insurance,ab43d271e72357395614e1c54cbbf457,379786,
no liability insur-cpf,7fbad8db12c74fdb9b49653b357a267c,450512,
cpf/minor purchase alcoholic beverage tabe,67faeb8e11912072358e6bcce96ab5c6,375061,
warrant arrest,00690de6f2ab9392739c4ba5db36e8cb,3221,x
cpf/speeding(exceed prima facie limit)-68mph/55mph,37227b413af01d1b69d19840a0d19f4c,113721,
capias pro fine,6d57b36ed4560364a4e9740ed2c2cbbd,115955,x
municipal hold - gpd,1739b23ab8e849d1be2e539315cefd9b,263620,x
no ins. / capias pro fine,4b87e084181a51d2f69830791ab82ff4,2957,
cap prof/dwli,544c166f5fef858983c2e89fe6dcb298,41657,
cpf/failure to appear,6358dd6583c221404997d5ba4c316e44,6745,
"warrant, tomah municipal court",bf69703d497acc2b558abc9c214069d9,57913,
cpf/theft class c,893bda8999dca3836c5aa34f874a7be9,151822,
man del cs pg 1 <1g,da083b5782c8f38b463d87564b437438,20841,
"ibc, cpf",04e40556841f67486f46d83aefb75318,141024,
capias profine/misd,a90d36106c734cae51d770c2532dc660,32846,
cpf-fail to pay toll,67de653e2d8d1ae43ce55fa2f895b8c0,93330,
lacrosse municipal warrant,67f5f163fe8cb8ad653acb0d0fc89d67,115394,x
capias pro fine/ fail to maintain financial responsibility-second offense,c0f9d57298fb98b45377298423eb812d,50665,
capias profine/misd,f94945d013a79aa0e44075f080d0276e,14235,x
cpf/proh weapons switchblade/knuckles,1612d4e44726fe8a24ccf47890ad5bc8,360189,
cap prof/dwi 2nd,a927cabfea9f60ae4b2266896d9f6b0c,62409,
issuance of bad check,c5da1da96ee7f5afb9a0f1644710f423,41828,
driving w/lic inv w/prev conv/susp/w/o fin res,53b3efdcddc1d256bba8faf7d6868966,4007,
cap prof/pom,d8eeda86422044ed9118b1fd0bd333cc,74882,
cpf-no sb; nli;chld;vpta,242e2feb82466e890c0b9ffbbd3db57a,332085,
capias pro fine/fail maintain financial resp.,c6f17c74d22f997fc7f7e387278614cb,94085,
psmj cpf,2a279101fd3089a098a228924b4349d4,28091,
municipal ordinance/ftp/fta,4bebd5c9bd7bf3e9b0fbc1ca85982c36,2213,
cpf x 1,3b42d9b7d5edfb88e0b44987b190f3bd,53610,x
cpf/ speeding in a school zone 10<19 31 in a 20,c10ebe27fbb8cc4f348343280309149c,407846,
possession of drug paraphernalia,d5bf66e69621764dc891a61f2c5d39c4,4593,
assault by contact,30d0794b4e8eccd65ac78c6ea6e633d4,36783,
capias profine/misd,e655c2ac0ab0bf4e6148534e9b52a8cb,46371,x
public intoxication,c58dd6643bb2bec4b250597f4b60d538,102157,
capias profine/misd,0c44327f5c1156d63f2e5bedb2bd9f60,36548,x
cpf/fta (hays jp4),20f94374b4db07f7021b36371b50e8da,40290,
cpf/no driver's license(521.021),468a8cfa384b298e9cd5cf59badeac3a,253814,
commitment order,b154f1a5a941570ccf96b955f67b35bd,18519,x
"'c' poss drug para, cpf",5de1bb64d2251f1dd9de518b91988ae0,170397,
failure to pay toll,e2428f626e1bb96a9aa71079192b36af,122234,
driving while license invalid,040aa121987b4d931e5285b044e2e178,4734,
cpf-dwli,f844147fab7d6c7276b6e1098be2e9d4,452259,
cpf-traffic,28fd58490fc4cf6ddc2500a06d0cfe6c,45652,x
j/santana 662.00 cpf//other class c,1ef0dee43adb8f301d9b77b23e104364,104037,
cpf-failure to attend school,252a01cd6eed5f0014a1a75656b3a5ab,21515,
cpf/expired buyer cardboard tag,dddb00276c0a140ecf39baf894524e80,323910,
cpf/no valid dl,c188c6ef6919094430a3469ce51a177c,5611,
capias pro fine/failure maintain financial responsibility,e53e2851b1ffdae4dc22d1f20f3d335a,65703,
cpf/fail to identify fugitive intent give false info,e215b9701e36d4af9b62af111f7d641c,11538,
cpf-no drivers license,565e5d422c0bbeadf6594d0c5c4c043e,30799,
no dl/expired (cpf),d4e2051a5440ec7d59d764f74483d120,33300,
possesion of drug paraphernalia,adf50064e20b8cd092c806fcbd96baba,3752,
capias profine/misd,6ad80220c2c3e6c04db3c3c2de5df0a0,29638,x
fta cpf,303cb3de0298f63e5e1d2c85ab33f5ae,35303,
violate leash law- capias profines,1af89ea5da9ddbe70f7fae171f04c202,19863,
fail to show fin responsability,da27f785b75511d83e228e678691f1ab,40353,
theft of material alum/brnze/copper/brass<$20k,2508dcc12cd2c81e34e5ee9a1eb27091,60581,
commitment order,c29ababe228033167c19aec49cc7d3f1,11787,x
commitment order,2a03f4eacdce3a0449544cba44bd5731,16382,x
capias profine/misd,6ee37e7914abc0517ffd06b5af01d035,34949,x
public intoxication,b6287644ccf9a6998d12768cba6e2ecd,147,
'c' vpta (cpf),b81043acddd44906718437c5e72c5445,139865,
public intoxication,0a4bf2fcb008d461e04b9d159109ae24,31055,
"delp,eis,dwli,vpta-cpf",c47464401c41e1e76f22b89ac7130a5d,355886,
loud noise-boom box violation,e51c1955f92dba6945a74391a302b86e,139526,
no liability ins-cpf,2db7130b187fdfb1750af1bba57c8556,50504,
interfer w/emergency call,18d174a8cef4ea47890d4232f6462d1d,39571,
public intoxication,dad5f8fff9f6be49e031075c80a6a919,5531,
contempt of court/failure to pay cs sentenced to 84 hours co jail,624d0ee753a7f1f221a66e87ce3dce2d,66474,
traffic misc./speeding cpf,5050b0cfb4f946e90d7ecf337c679982,9082,
capias profine/misd,5f241626799b3487ca7da09986cd2eb1,32585,x
c-minor dui cpf,ae45e0070feb6ae2df89d90d9384d0c5,157137,
cpf-fta/bail jumping,79624fc9e5cc8bca9a01b42c6d630dc9,226530,
"bpd/cap prof/poss,buy,sell illegal smoking product",64e6eee34a6d656ddbaf5e3433fe8a57,94432,
capias profine/misd,04de98be33ff64d9f47f36061d9f54b4,30914,x
capias pro fine/possession of drug paraphanalia,5a2c52c62218687d7e580d80b9ade682,56891,
capias pro fine,6ec9f734c4c2cebc5659449ad4bb38ce,107019,x
capias profine/misd,72b933e662e684139eba1bc5065cce33,45242,x
capias pro fine x3,e17c52a20f148d59c85e69d8b8712d76,173566,x
driving whl lic invld-cpf,b29611ceeaf41d99c4ac23be3ec65b6a,472822,
public intoxication,d40b1a6d27a7dfe5d61630f52505e5ff,26025,
failure to pay,b69db5ea1c26bee159d4dfea151a8494,12764,x
no drivers license,6d6846c90721f07890665d82d208e934,39595,
violate promise to appear,d6d8588a6876ab2ff54ac5f74378a0c0,4169,
cpf-dwli;exp lp; ins stk,d27436ac8adf3812dcf80f688be4ec14,367605,
cpf-lght/altr matrl/vpta,8dcc952cbbc47416b27259327ff0b8fd,410410,
driving while license suspended,4c23c5bf2347bfacc4b7811d2ee215e7,52569,
capias pro fine backed without safety,01b76bd21381610ad93f2ce534c0e3c9,47745,
"b-tos,cpf",8da1fcbf9b9b87621cac7aea5d262560,196660,x
cpf/ibc-c(hays co),db52f3d582dd595a3f10070bfa3d17f2,76292,
capias profine/misd,4a86e0db01e4e157a4e1e9b2cd79dfca,36861,x
capias pro fine display expired license plates/registration,746aac6a953b311bcdabbfc2e9ab01c5,233615,
speeding 54 mph in a 45 mph zone,409720f684ea83a8a24ec086dab3a975,34814,
ftmfr cpf,d9522f77d5862d822aedfb1ccf6d5ef1,166181,
trf/speeding(exceed prima facie limit)68-55,84b121e556ccfd61072d5a3027aabbfd,168423,
'c' ftmfr 'cpf',aca6ec8c3e1741db00838203d41deae9,167154,
municipal hold - gpd,1a38c7c9b0f9f4e9ebb9eeb974932b4d,133796,x
cpf/speeding/55 in 40 mph zone,d9238f4acd8dd07c58f6cb017466da18,13431,
"cpf-disp exp lp,nli,vpta",6c04d5ad86cabe19982c0fe5b43b6a0d,431334,
driving while license invalid,0b3591bc43d222ea1b5b6914d4c4133c,20177,
fail/main fin resplty-cpf,bb23290763be83482c851eb91b0efb70,76518,
cpf-speeding,3b6a650c5f6bd3716927481152d1bce9,41161,
"'b' crim trespass, cpf",7ae8719e2547dc09b99bb2fbef393748,29314,
fmfr,5a7cf101acc472917e4d73a1345be3ec,34576,
capias pro fine no driver's license on demand,e715e77c0f7bee8456a1b92b46cfb8ce,194743,
capias profine/misd,9e91461807138bdc9d507c8c417e85c6,7398,x
capias profine/misd,b7d436b26bd8316f066d07059a798ed3,11337,x
capias pro fine failed to maintain financial responsibilit,a062d99be4fe491a07ff5a81a7e6f5a1,216488,
public intoxication,fbca8748a531dfb2bc486f9d2a8b5c0f,29123,
failure to appear/cpf,e4195c58677011a605299cbf6040bce5,6064,
issuance of bad check/capias pro fine,49b53bd2aaf5ec7647bc3e757b341e18,5176,
capias pro fine,49b96a71598ac07a90e431e92e408e75,136137,x
cpf/expired dl,c935bb32f802c9c8aab4efa36a9ccfbd,158460,
cpf x 3,303afd4baf742754be5dbe5919bd568d,51766,x
commitment - fines,8c5150bd82b6911d7b80cb2d0b7112a9,13594,x
cpf-exp registration,6c4720425bcef0ebb131474332c1ff5d,98556,
failed to maintain financial responsibility,a3a5c944889a79fbadd628febb867eab,2292,
public intoxication,1eda7a6defd31f0c532c811f29e34457,21922,
cpf/ran stop sign,559aae028b760d10306a6edb3101b457,28841,
disorderly conduct,d1a053b7d258b129a3dc9f7cb3adf6ea,48465,
liso ftp,72822dacb6d7cd7bcba978e992d1c92b,65348,
capias pro fine/ failed to yield at yield intersection,ec364a0a5a020576f4811e87a7f8cb7f,99244,
traffic-cpf,98ea037575817f106ed3fbe26615a873,157839,x
cpf/passed stationary emergency vehicle,22f6e51520a8f88e837f184b3a4a7494,340395,
'c' fta 'cpf',31f496aa1274d41e371962f1467d0b90,151033,
public intoxication,763a20c1da99420b38511ee10f402bd4,1260,
cpf-expired driver's lic,e055e26c8404f715d88fe4e340c30828,167600,
expired registration,eed768cb34bc33f5d22c90df7be45c55,47157,
capias profine/misd,106df4c2bccf7aadc7335c8a40c31ae0,234,x
parent cont to non attendance,28973f3896b9c68de64a42a75b8cf391,1287,
cpf/expired motor vehicle inspection,7fa5472bced2a580ad05ce76143f060b,33285,
municipal hold - gpd,567fd889fdee123455f6c714e63e506f,239122,x
pay or stay warrant,15c18ebce4686492b83b498d332f61bc,7532,x
cpf/improperly secured tailgate/tarps/spare tire-loose spare tire,ea4f0172046e5a1848890ab12ce986e3,200782,
no drivers license,777bc3610efc0842d647f549152969c3,38995,
municipal ordinance/ftp,1c50326863f03a896d1bb5b2aaf4087f,1641,x
cap prof/dwi,9c3e17f39214b3613634c7f75bb5d930,48946,
"cpf-ndl,nli-pri conv,vpta",6e906c6839a35122a08ad78100a64fc3,266381,
failure to appear,ef2cd8a1c7677da992b8cd763f7cb1ba,10517,
fail to pay chld supp-o/c,8a8f49a7436f4514b82f37e73b51dce6,77969,
failure to appear,41409a7f56c68873670681e6e948098a,29252,
alias-cpf/theft prop>=$50<$500,4dc628be3362875301788812d1a9126e,134993,
assault by contact,84c65ba18ea9feb04d2c8781b5ff698b,265189,
capias pro fine-no liability insurance,5a84d9b4cf90a5cfce9594c1f1d3964d,26369,
capias profine/misd,ac623d9e041faa4b5dab3a3aeaabc133,44863,x
assault fam/house mem impede breath/circulat,babeb82f7bcb65477efdcca37233345a,63388,
multipile traffic violation,fd017af92981df6e02c06d0b1fd11746,123460,
cpf(no dl),fe94f5bc4939fd16f4bde817e9514cc0,22493,
cpf-theft u/50,314c67e7c5c2afb0701997fda4650a1b,173123,
"cpf-ran red light,dwli",8c8ae2ad6e42aa7d3abeb0829a21d074,142791,
violate promise to appear,3640568efeaf9153b1ed7b126cd6ca4a,36131,
fmfr,71f9c0df946164ae1a2cfcf25f80193c,27979,
drive w/o valid dl cpf,ef7ac4f9cfd0c2444199f4e48d31997c,149612,
cpf-traffic,e730180e7a2ff4eb84ebcb262599b414,241911,
cpf//fmfr 3rd,70c5ed6025bee44084238b15a40274fc,218377,
cpf - fta,d618182d10382283b08e175d892d041a,12238,
capias pro fine - no  driver license,f38615b99e068edef8bc609bf86a9118,44828,
cpf x 1,5a03ed590857298e02f8399150a73151,44373,x
capias pro fine fail to use safety belt-operator,628f8d5d6c50561fd789a353a5703f32,199862,
fail to show fin. responsibility,554b1499d4dc0e659958ad3fa9804dee,49791,
fail to id,7c196669746014d550b0a2245af6997b,28156,
cpf/assault causes bodily injury family violence,e2a996e7ef160536c7307d40bc5fa895,191688,
cpf/operation of vehicle w/ expired registration,36506b04d0e6111e1e34d1a7707702ab,345069,
no seat belt - driver,7af5aa7ea26b1f864d091707dfe60627,118422,
cpf-traffic,5cdc26e380fd2a3556b81158821fa763,181415,x
capias pro fine x2,52ce901655e70644ab86ee9d36817d52,92166,x
capias pro fine d.o.c. obscene/offensive la,90c15e55859747fdb0b0b00bdae15c18,78629,
fail to attend school,44e225dd4957775740fb1887c3aff04a,44198,
failure to appear,91e295a604e4d92c904f551175a4dc83,32539,
failure/display/financial/resp/cpf,31fed143e0b059d4659cc386363406fa,10404,
abandoned frigerator,93475724eb8df7347c1347103fb3b44f,18922,
cpf/assault causes bodily injury family violence,46684ae4733793d6bdb967da53e6ab57,6356,
capias pro fine x2,cfdda152ceba3128bc1e7e0b6134cb8a,177170,x
no proof of insurance,430135b3125d1e92a021e4f3fbd11394,42252,x
public intoxication,b12429306690d980c6ed7aa2778e7ec7,10898,
lacrosse municipal warrant,2af2a138b0b39313cac6160d140be302,64383,x
no insurance,77af69aead9ed2ca212208836df88996,32270,
fdl co comm: r/o    ct#1,7a50f517719ac21d44c9f0a27fcfd6ca,11493,
possession drug paraphernalia,8937ca24f52307abed722143025b3ddb,77168,
pay or stay warrant,543fcbe75cb2b1d0fcd648dbd731ca2d,5679,x
cpf-speeding,a48e103b9b9d9e617727ded761858464,267042,
failure to pay toll (for ntta use only),4c153237f3ee378c4b7c33f088eb339f,110799,
public intoxication,5fc27a496e1e54c72bf9a7abca337759,21411,
class c misdemeanor,1caf90e9b756c190f9e2576f75d7dc1b,28195,x
vpta-10 days-cpf,4e18a70f567f962489f48d8be59e9fa5,460991,
bells/cpf/driving while license invalid,fd41c802339531efc0f52a7a8214fb94,6451,
cpf*poss marij <2oz,a58e052bc8677da6376256c9881a08f4,114352,
drug paraphernalia/mwmc commit,384e3fc2f15d6b37feb8e1235dd6cc37,33810,
cpf-no dl/vpta,9134dfcb6dc2acee3115fd86bac00c0e,323209,
fail to present proof insurance/cpf,77ec57b67e9aa9de7368c996b9e6931c,13658,
expired / no drivers license,29e5441e3c04cee41adbe97c0d3dd1dc,118846,
capias pro fine- no  driver license,373b2e384c44f0361164d5a002f8a071,72705,
capias pro fine/public intoxication,2b811ea527a82aef150bdc07289b5d1b,54849,
capias pro fine/no  driver license,3c8e1bbf44055cea37e57598fdc0ce91,58424,
displayed expired inspection certificate-11,d7998d5ba017f091ed39ae30b706917b,57091,
cpf x 4,4de15f238dcc31e021bce0c76b2a1adb,102728,x
onalaska municipal warrant,10253c4113b36911eb262020bcd84319,102378,x
mnso ftp warrant,6ae1f4f8d81ee556ef1e46fade7d6c7a,58237,x
cpf-assault family violence choking,c8dd2481a4d486424314788b812f730e,127133,
fta-jna hearing,25bf87a6415a03ebfcbf8385cb1b8a9d,41333,
'c' ftmfr cpf,e349b482c29e0f359e29ed8e39990294,149347,
cap prof/forgery financial instrument,a48c9705c537d7940c290d4c34885760,80350,
cpf/tamper fabricate physical evid w/intent to impair,7771339359a8715d60e470a5af66a39d,40119,
public intoxication,44419177d39449e8347031d806d30269,24686,
"no dl,dsp exp pl,vpta-cpf",7d0968bd599c0f5d2852fc099dd8f44b,295003,
no seat belt,c0362af85233bc3bb2d993150c15523d,28408,
class b theft cpf,5c21d702775a26af859a8a28d1ae0c3f,126990,
cpf/theft <$50,5bda4958604168b2a98d0f66a0cb8ceb,149841,
cpf-parent contr-compulsory att,8c288f9d66d101b1b33a1bcb4ccd5fab,6581,
cpf x 2,07068a38dfc65e101f56f844b3c31fc2,60955,x
cpf/criminal mischief >=$100<$750,2759e7ae64340b1dd6ad5ef3f4e1358f,37497,
capias profine/misd,0f3bb3cf83f977518aabb3df5e19e7bd,13183,x
issuance of bad check,eacc730ecf9482fa450b34bdf1293b3b,7055,
poss marij <2oz,3409ff978c39ed7599e59e55658d5ae1,39666,
cpf/no d1,cac228a05ca1d7e0decd8115956473fe,288881,
cpf/cons alch after hrs-c(sm muni ct),9ed011979a2cab8162fd7f95c04989cf,43402,
public intoxication,51a68b14e9995548b771a8f5a24ce1a5,10443,
cap prof/dwi,84bb83949271f785dd823d8c15226a7f,60861,
cpf/ fmfr,f9ccfb881990d2e22f846e6635c9df92,224123,
cpf/public intoxication,43056f40f9a754480b2cd726cccd1adf,43770,
expired license plate,cd1db244c73f12ff8e2f8e8394b1d832,39326,
public intoxication,0e41668366e0734ec6ac582937df1f32,22,
lacrosse municipal warrant,b7bfd507d530f91bc4b7d3b4c65b2da4,42502,x
cpf/possession of drug paraphernalia,4e7c588b3a37e3b6e8ae6f37d7e41789,358362,
cpf*driving while license invalid,a85e5d1c7f5d3e9a3e1c6684bc981ce8,131745,
cpf/fmfr-3rd failed to maintain financial responsibility,250c9413b780a61bd71be77739eec0cb,180402,
expired license plate,9525317e9891ca712cef4d454b0b1226,70707,
cpf x 2,d69fce6ecac4577382fdfee3fa06fcae,104843,x
public intox,5cafe086c0346b37b8dc7be7a168f104,21308,
cpf/ podp,4a9f9fa2212154f081e849b0353a2f7f,265262,
mip of tobacco-capias pro fine,2aa8a8c20161b1fe2baeb0c28968c8e7,29599,
cpf - dog at large,cf98c433bf9e978723c084519ad531c9,14156,
bpd/cs def/cap prof/assault by threat,3e10e3a4f9bf897872c081d801112399,39346,
public intoxication,607a8e53ed81f839e552ebe44642a960,30240,
capias pro fine/no drivers license (when unlicensed),be76b5960fd100b70fb6ac20a0f8e6fb,116665,
"dwli,vpta-cpf",f1d195158ef8a56314fdd1b99fbaed3c,394150,
capias profine,f0a93fa71dbaafed88b6b258308b6a2e,15448,x
fail to yield right of way stop intersect / cpf,4acd1b8b06fc74453330c498970ee1c0,69404,
ftmfr-cpf,9a28d247ff9f889a6aa90e0ab5ba43f0,353525,
failure to appear,b33bd34d559e73cf4518e8b197f73444,35447,
fail to appear-cpf,0f535d58aac76656ae053d8af104a671,116408,
fdl comm: ftp possession of thc,f4d5a956cccf26d8df123ad6f6704451,7248,
capias pro fine no drivers license,da482ed7a1069564a56dd327784bc2c8,173901,
cpf-no drivers license,843b79ce93d2ec4f5bd7f1ace22d1f16,254577,
wrnt-cpf-vpta,74d1cf61d237771d6b97ba506047fea6,118231,
capias profine/misd,26199fb79958eb5a58238ea574a8d750,8093,
cpf/fail to maintain financial responsibility (#),7b9efa654ccab95568d62785a215ad4b,222560,
capias profine/misd,dffeba24b6e924c9f622a33965c36743,41735,x
capias profine/misd,f0e7cbd4bc7de3ea277a184a457c90ac,30781,x
no drivers license,ea5454f88abce2c5c58d889263a9b953,14169,
capias pro fine x2,10c5fa37a33eeeead8402485509d0b41,102021,x
capias pro fine/no drivers license (when unlicensed),ed3dd0b88b96d08bbf408c421c126974,117275,
cpf/ no liability insurance,7507bfe873c49a91a70875b8befc8585,15826,
resist arrest search or transport,ff92911448a45581ce3178161774a031,20302,
cpf-no dl,862c7cf1a1daa3a4f66a407cc58bd31e,134705,x
speeding/no driv lic-cpf,4d84e54ab34c6f234327ee391012ec79,353281,
failure to pay,11ed50f9c4bba5b7579647eaac23e8b4,1799,x
viol promise to appear/opd/capias pro-fine,68dc9be7ce2e5581ad2dd2e022391ac6,17001,
"cpf-theft u/50, fta",22f0ac13684c44e03c3961a3230645a3,419693,
bpd/cap prof/parking facing traffic,1b4e9b938add069463c31af3e323b54b,77663,
"c- ftmfr, cpf",0c0b46c582a887ae9fa80cca2bdac6a0,164719,
public intoxication,c5d8f291809b4181cdb7551917d5b6cc,27252,
"cpf-speeding,vpta",5b7c683c3d0f9df42d56f1de4e6dce0d,268212,
cmp/driving under influence (dui) - minor,045c141f428e19a3375c8e47522b9521,113033,
capias profine/misd,1553bcc8ea438109498e56b52e5400e4,5636,x
lacrosse municipal warrant,a2802d75dd9f07bc52144518263ed05c,59784,x
capias pro fine/public intoxication,2372f7b78d4533dc0ac09bccde175ebf,99901,
bpd/cap prof cs dflt/poss drug para,30297892b70a2332a48591efa615149b,84485,
capias profine,8063790caaac6cd82c434d576311dda7,193,x
cpf-traffic,84f2fa752b465357ea751923328a841f,3565,x
cpf-driving while license suspended,8424d346cf6f5cbe7efe85107bb9fc70,139724,
public intox,8d0fee71ee5c907a2d24f2a618856912,6956,
fail to appear/vpta-wrnt,bc19feafbf8f5f6195e7dbeb23222c75,443530,
cpf/no drivers license,57032fd1a00567ad32d71a68d79b3c89,11706,
speeding,4439fa0a7ba8f78693cb1afec2d61c4c,33313,
municipal ordinance/ftp,af81091a09ece714e05b2d4ea2721f84,54353,x
commitment order,83b46ffd20b732d15705ccd65e436c7d,15876,x
possession of marij,95167130e17bd14f8116ccab2287b295,18109,
drug paraphernalia/other,30cad1e5dfde816d630174b918e0cc40,15762,
cpf/expired registration,0731d75a6a6ec7a408fb88c366b15130,5324,
dwli,23c1aecec09deb8e771c81c75837b199,43801,
no insurance,6963fd7c25def5a56163ac3def11f126,16491,
fdl comm:ftp bail jump & d.c.,6e5542ba287893f99b12419c9f82d5e0,24043,
failure to appear,c0abb38ba6d6f20bf6775efafbab0957,14069,
driving while license invalid,7a4009baa8f28c60d5d75d73722456cf,11095,
(cpf)driving w/ lic inv w/ prev conv/susp/w/o fin res,4265351ac1075bd5ca4281fc5ca9e717,213362,
commitment order,f01b9dfaa41cd9a5d44ec87ca68a1963,20480,x
"cpf-theft u/50,fta",def92eeb10a5577dd3e0dea7befc73a0,292768,
cpf*public intoxication,797952942ff62bdf4392f9d9b36852ea,81761,
'c' dwli cpf,6e1b83e32df5152523b131e6191a6f1b,165510,
cpf-vpta-10 days,df2a554da2f118793534901ebc6a77e8,449156,
cpf/driving while license invalid,2f4e77b3fa6fef237c01420b0f6ec2a6,171348,
assault class c,b397929f018f880b775b2d20ac6bb1cb,56202,
public intoxication,f0c8f3d8aba58c656ce59787a3b3e25f,45039,
theft less than $50,4ab1fad4cfb71e04c494ef2003fce955,40781,
disorderly conduct,3db5d1d256f4adc60e0be4a43c91425e,30974,
municipal hold - gpd,20dd8873a18dda8d4afd2156fa2ec1fe,177731,x
capias profine/ stop sign,36682a2ae49cc469c7d8dee9c02c183c,127666,
municipal ordinance/ftp,dad5b30ade148ef5d249e0350e4fe4f0,8642,x
speeding,6f8ff13c961e60b2570696c3a05f4978,63867,
failure to pay toll after notice of nonpayment,bf83c9d0e9e670c7615fa0b9b248225f,117023,
traffic-cpf,575b2f6378fae1772272c7c1e4777476,3388,
failure to appear,f3bebfa7ce1d7410aed681bf841a557f,27022,
alias cpf-criminal trespass,218aca6c0b54f5b1d5c873ab83bd2849,123275,
capias profine/misd,4d65e68002059046f5db3676264a1734,21223,x
cpf/no liability ins,a81f040dec9ef960c1df95161712384c,13267,
capias profine /fail to immunize,ede18ed6857b11265d6a442acd998abf,158333,
public intoxication,9a2d30664a94e70467708e99353f3bd8,21314,
failed to maintain financial responsibility,27d721c7abba28a6a57e0a6ace8c9768,2364,
cpf/drive while license invalid,4f1f5f4ac247a8abb07746ebff1bff11,69622,
cpf x 1,d692006627705c98fc574c27c0910b9c,78270,x
dpd/cpf/unrestrained child u/8yoa,1cd25a9c7b9b938f130a164e008b9df6,25630,
cpf/dwls,a20a632c25bcd13f64a09da734694414,33606,
no insurance,61ef03577095654f0baef944690a6093,25435,
consumption of alcohol by a minor,78d4be4bfe561740dfdab04c9627c28b,54370,
cpf/no dl(sm muni),fb6adb861dc46ed7abb5985f76018333,30568,
operating while intoxicated (1),a5e85a995500268a6124bc28fbe22ed7,53981,
rev prob/pom <2oz,b458329a311789a1c305eb080052c46f,49386,
possession alcoholic beverage in motor vehicle,e124060f3f18e442eacc11e4ef6873c1,160296,
cpf-driving w/lic inv w/prev conv/susp/w/o fin res,1d4995303d95bbc7d9db027d1a6bc3cc,114243,
"'c' following too close, cpf",0847dc3446edb56a67c18e71ad892f4c,119941,
capias profine/misd,9d2d4a2b2264e3efa1eb076abeee81d6,38430,x
theft prop>=$50<$500,80c7b44f0c730b609ff57abcd28eba28,18102,
no drivers license,b9e3bd7cd48a0b5299c94d91ab144a2e,35890,
cpf/ dwli  w/prev conv/susp/w/o fin res,0d0d2e787a5ec9ae1f2b77b2ce97161f,4498,
bpd/cap prof/no valid mvi,361ea7f0b6137bda404c6bc677941ef0,26434,
capias pro fine possession of drug paraphernalia,ebc61c2867100743fa7c34d6c7e2f269,194350,
cpf/public intox,fb2706b1375bad30bb91671343f157c2,348267,
capias pro fine display expired registration insignia,70e4fcf5d3191b37de78aa6391c325f2,161082,
"cpf-dwli,poss cont,vpta",a4f1bb9e1c0c4de59b91e4a2f28b7c0e,335444,
cpf-traffic,680226cf74bdb01654f0af65ef30fd56,39853,x
speeding,dabb0791d7c23d565ce3c01908406fcc,12257,
no insurance,3a751995e33ed57756989d051ad4e9b5,453,
capias profine/misd,06c9f14b026c1acdfad5050a2dcede92,11786,x
cpf-traffic,01895d1141e5a506639e833fa0ef3aec,292827,x
cpf-ndl; exp lp; vpta,fdae286706ece3ac3a4b28c4fe1dec58,395252,
dwli-cpf,ca10f223ba1f381f023c8089b96a225f,82843,
assault f/v-cpf,949ccee4f503f6edcb13fa995388663b,318053,
onalaska municipal warrant,7aa6236b3e85526b6bce59916e74075e,7084,x
capias profine/misd,d9ffc30baab9e96f2dea07ce94d678ec,25275,x
cpf/no valid inspection certificate,5693e144b8364e76995deaa2eae7b087,29169,
cpf/speeding violations-55 mph/40 mph,82b8868783456009715e0fac74955a7c,361474,
disorderly conduct,12049bffecc2c9932e364dbe90d0301c,125098,
no seat belt driver-wrnt,8a6bc294ecd13cb7b8d7d6e6c86ef1c8,13646,
fdl war comm:ftp    bail jump/battery,31b134265af2d597247adf7d0c372b5b,24335,
no dl cpf,05a27f541e7f2cfab8cd1b4c9a22aed7,35313,
cpf-public intoxication,f0851011757a1c04bd0fac52b9303bde,5783,
cpf (speeding),8617e9eb48d8639895002e9c09d65fab,47601,
ride-notsecured by safety belt,5f40dfb60dc5882dbbf6001317329534,25159,
walked on roadway with traffic,c4b4a8054a66bf88d7c67a2f837cae77,65471,
cpf/ speeding 10mph to 19mph,36ff09224fda8a2132d5a838e68e71f7,254036,
parking on roadway,4521c1f52facf14727161c6d6b4c5039,24595,
cpf-assault threaten-fta,68575e5054fdc7f5050ee854fa8d0961,53512,
doc-loud music,fee27106fdca2109ca2ee506fe0a79a1,25658,
trf/speeding(exceed prima facie limit)62mph/55mph,8cb982f2972bda4f071b3407e6cf0a01,124149,
capias pro fine,03f464d545a1839730334a453fe11b1c,223482,x
"exp lp,nli pc,vpta-cpf",e3d7426ffd8b5ed03b97856fe2949944,264647,
cpf/ ftyrow,b11804ab7047820538c85743d24fa943,258978,
cpf/burglary of building,e79465b0fbd82d397b796ccf2a6b8069,198792,
cpf-dwli,08e53c4b631264f3246ad0c2326ed26b,147666,
public intoxication,dae0896242c3b67daf5b09832c048a6c,41615,
cpf x 1,20a52091412491cc7e89b2e422da6640,59811,x
traffic offense class c  no dl,a5668f01d2d817a24a1bde602956b766,1798,
cpf/ dwi,c923387a1058a5a6275d3beb85db44e7,3495,
capias pro fine,3a4c363e964190e2be725f56bf6c11b9,236047,x
capias profine/misd,e95215d2e346f8426bc7505fba4b3365,20460,x
capias pro fine,50914fb620c51ec9bed789cff5a8cda6,140940,x
cpf-pos of drug para,f42097cae2c5283a49cb70c07315133d,223793,
"cpf-ndl,nli,ex lic plate",e67bb8b928b43dff487a78365602d74e,48334,
cpf-speeding,ce81a61497e7f4eddc84f7c2aa0070fc,464645,
bpd/cap prof/doc-language,a660ab1204d7a4a9051f5789c7da079c,88545,
"'c' dwli, cpf",4bd329269b3f9381e42e9773ca28e509,158620,
cpf-parent contributing to nonattendance,43fee6311586239156360d318045388e,150952,
violate promise to appear,17c0aad9acd518bcc7f4b6c2cf0650af,12711,
capias pro fine,733760ae2f866ee6f0429919f0e6d03d,202007,x
capias pro fine/theft < $20,6761f56d07ec247720d3ed2d81f39f25,85668,
cpf/driving w/ lic inv w/ prev conv/susp/w/o fin res,7bc8cceb7b2a6a2c8edc4f993213d1fa,249752,
lacrosse municipal warrant,df6a8dbd6bd6461638b3956e80d39ee5,52238,x
cpf*disregard red light (traffic signal),919e9572b04b69a7ce2360100fdb2719,124574,
"cpf-litter,doc,fta",4044bc23e1084a37995eeb604104813d,233115,
cpf-traffic,443c024303d93605f1c929fac42b3f5c,183254,x
cpf-asslt-physical contac,362bc9bed14b4fa521ab7af8f867001b,148551,
dwli,98f322e61f31859e9cab58437ec385b8,50263,
permit unlicensed person to drive,4de4024c2f3d87c104dfc895494c12e6,368424,
cpf-doc-fighting,781086a8985c527706ab37c682f92281,168021,
warrant on failure to pay,d8465cdb3ae37909a3b4bffec919e34d,23763,x
"'c' ftmfr, cpf",70c45d56e7aa60200a54edae96e6dd4a,115642,
failure to appear on class c offense cpf,1847356a113f9d63ea34c7b2a43caa75,3262,
cpf-no lia ins,9a4d636565ffba121a74d1b89c0c97df,17593,
capias profine/misd,07a34cf5b5f059fd502ea91587219619,7389,x
cpf-speeding urban dist,0b347385a15dbd29659eabb97d6d66e4,39153,
public intoxication,95f9089d9ebfbdaa4953ae35110d2194,25811,
hold humble pd/excessive noise,7213b7863e68637c8544add1a7aa3fb0,4962,
capias profine-issuance of bad check,13912f71498fab9fa4b326ddd4cee57f,97966,
capias profine/misd,a34f8b4afcd667bdcd03fb72e61b0379,40640,x
capias pro fine/ public intoxication,abafcddd52f8f7bea5a538c988d50350,27032,
type of vehicle authorized,9f294f9c5bae62cf837dfc25bc417207,59711,
fail to pay court cost,831da6c9f2e8a0bd1684dea36449d8e6,14524,x
capias profine,8e7db57965b85118fad2b9cf55cab05c,4174,x
fdl comm: owi(3),a25adb9335547b7f9ae2d3b28ab5012d,2745,
crim mischf u/50-fta-cpf,6d7668bfbc585d1fdbcec2b5d7f1a50c,460311,
"cpf-ndl,unsec chld,vpta",7de4e74d19654b7efbe12569350efb63,423583,
cpf/failure to appear,e4fa91e15d762ec4de1a009ca8256ee6,87827,
capias profine,fc747a6471382fb11453628d7abe8ffe,1433,x
capias profine/misd,cf4b60e9d58d7d6bad1ca1dedf262d03,23603,x
operate  vehicle w/o lp-cpf,a5eb63354e98dae89939a4bf32c09046,71396,
fail to maint. fin. resp.,b28594b6bee81e4f736fe8d968e87220,47912,
assault/fam.viol.(c),6f4f50181d38268123ce4abd100b9350,48934,
capias profine,13ebf163c4bcc6d0432f0a4696a63bba,14295,x
ran stop sign,eb7bf92599f57de771ce1570d1e92dd4,72648,
f.m.f.r.,adea9b6acf1c352e5a4042a9191016a1,58953,
public intoxication,a6afc8d7f4fb033c0dab7a7c075ad766,4527,
jp/1-2$397cpf-doc//other class c,77dae9d02207271d860ae1b515545839,136910,
lacrosse municipal warrant,a69b6a2b80a051b401e23acec596a6f4,33654,x
failure maintain financial responsibility,f2dc47903e7403f8cd308dbc4e66f14a,129897,
display expired license plate,b8146d6805254b931d8c0010ea578a76,28244,
cpf/possession of a controlled substance enhanced,5b80a5ebc9c2b47a626acad39e987350,162407,
capias profine/misd,bb8500d1196121da3774e1d41c720747,33443,x
operating while revoked,a3addd4341cc5dc385fc3d996d756860,50043,
lacrosse municipal warrant,09f78f482bf6cfd8ee19360c3ab86582,33898,x
"""c"" theft cpf",20152cbe9e8c5dad2ec583068fdae62f,132612,
speeding (72/55,1378570790c4b448250a577b9500257d,3395,
parent contributing to non attendance,8ce45ba681193fb96f62eb80405868cb,6648,
cpf/assault by physical contact,55017507066025656b3717ba2890c75e,42900,
disorderly conduct (fighting),54f3b21ff37fb07adcfd485be28b136d,918,
issuance of bad check,622d02faf38bb489b43c30fbfabb2485,30892,
cpf(fail to drive in single lane),7632b5adc465e94cccadc5199d695473,2427,
failure to pay,26ee761b30bbd0f6557f49ae4f47149b,7226,x
"cpf-dwli,vpta",a530ddc83a705fcb0c224a8c5af04de6,405734,
"cpf/theft stolen prop>=$500<$1,500",cc35878c68083b93fa31298ae7454125,182901,
"warrant, tomah municipal court",1d58303f13ae599f1cd2a0c5b04102d5,12735,
cpf-nodl/nli/vpta,d9387c37fddc2e260fd96291ad060d0d,195816,
lacrosse municipal warrant,f89bdc7e1d3edeaaf904f10da3087828,19391,x
cpf-ndl-nli,b6f3f912a4b158833b1f90fd23272419,11143,
no driver's license,e4e422a66960a5565fba191f1921ce49,131780,
cpf-assault-phy contact,8699e6cfcf6450266b82d6ac829edef9,182094,
cpf x 2,afabdcbf80e6582bb27cdb80a7202aad,21003,x
cpf/possession of drug paraphenalia,19f7546c9d34a7aab1302533a450fad8,39096,
capias pro fine operation of vehicle with wrong license pl,4bbe6d15985c8d64bc8f257f0d55478a,148051,
driving while license invalid,db81966766f4e42708790ab0da80c465,95227,
capias profine/misd,3a89987b07bc7c23609455a3685482b6,31170,x
anim over 4 mos no rab vac cpf,68e5f956d158acb3b80a638cc3497e65,221657,
failure to pay,630ce4a027a2e1e3a619af634d9a7525,18515,x
cpf / pi- c (sm muni),e8ba2bcc99bf21d7c01a84428166182d,20865,
cpf/obstruct/encumbered,a64cf51956d3be71275c6d4d0c6b0e19,397438,
cpf/driving while license invalid,ab8959376daf3c85126e42567ce0a6df,112807,
ran red light-solid-cpf,a4995823d6d67a056f1039aa1cb9588d,473263,
capias pro fine/driving while license invalid - no dl,22b023bbbd47b234cb5ae2dacf04fce4,63890,
cpf/dwli,1c59c60658eef32dd79bb493072a4381,178051,
capias pro fine failed to maintain financial responsibility,0d2e03519a649b850c68301769d7ec14,42784,
class c/no set belt/capias profine,8276c0edaba7dbf2a7c94af38399ee82,21304,
no valid inspection certificate,0ebd231a813cadfd52c2492141c0c766,89575,
fdl warr: ftp dc,a628559337be144c54f65b1ade4f517d,8824,
drive w/vald lp cpf,95eabf5c109b723b9b3d00a95361cfe0,157121,
littering,d6141dbc5ff453bb67dd50bef70f6cb6,25289,
capias pro fine- dwli,272e2647fe61d576e4dca7adc718291e,228092,
capias profine/misd,8f95b5c105ae55ad950c93265a1ecdbc,35062,x
fail to identify fudgitive int,f45c7413e05b033f2683c6d225e0923c,25070,
cpf-theft u/50,489bb83d6131599189cf09b0fc1287ab,98821,
capias profine/misd,1c91cedb0c8c038d1aa8ceee1d40e613,23599,x
municipal hold - clsp,0619f5f5939b8a85e8fc0b97b6df4fca,149158,x
riding a bicycle at night w/o headlight,dcc93c52d16f86f8679b659dbba6e9af,6033,
capias pro fine driving while license invalid,74fc245ad95949f5c0f4be2572717586,63067,
fta-penal code-cpf,9ee3387db7a6fdf68c1c550c73290258,376921,x
"mc-drv w/o val dl, cpf",af85e9d42e8fb12a8109f4c36fa3cdab,144912,
capias pro fine,c0d546ef419f4b5e00f4a157ace348c7,138618,x
"'c' ftmfr, cpf",175b0be07a1adb440dc0988c52014a65,183449,
capias pro fine - expired motor vehicle inspection certificate,8805170898aa554e4298da1d2d8b6e4f,23812,
fail to identify fugitive intent give false info,6aa41e7bac05c767d373918189c3f78c,80229,
cpf-no annual inspection,5a77950e6309718ab2a1cc0a20005aa3,30993,
capias profine/misd,5cca835d4e9deae79534a998b347a34c,6730,x
cpf-no driver's license,4eb8141b44f25007c0bf0d67ab7f72ab,104061,
no or expired insp. sticker,4d2e76f043cb54b45064a1d30497671c,9805,
public intoxication/cpf,10de429213485a2d962dea5282b917e7,13960,
mnso ftp warrant,1b5870de3a8da67277f5a52b4d7b5c56,33191,
multipile traffic violation,304674d8ae194d05aa3e1f398bf788f2,1127,
lacrosse municipal warrant,9edc20292c3a823315919238152de556,47493,x
drive w/o valid insp certificate cpf,ba078992e6cfe57388267d3a84b501ab,153032,
"warrant, tomah municipal court",7003db4a3cc227a7627b73aa5164362f,42081,x
public intoxication,1253380399254c0938aba8c22fb7c46b,29888,
leaving scene acc cpf,8c3ca44c8307f4f49c14fcea5f4d50ce,92210,
expired d.l.,e65bb8ea448bf23c9e0359fb3dcee320,2273,
municipal hold - lmpd,3a4b376b89214c9b16474d3d5bb30c2c,205268,x
cpf/expired operator's license(522.001),cb9f9ad2e9a4fa21ede3b2b78212e7c3,260756,
capias profine/misd,691b8ac64f83f975582dca48ac53e7c9,5958,x
capias pro fine fail to signal lane change,681b3ed2550fdb4763585f5646efd664,42863,
criminal mischief cpf,a56a027ceed9aeddaf18830995e23c23,8372,
speeding,a3e0c98d85d27409c9f01098f90f70aa,20349,
capias profine-issuance of bad check,f0a13ce861f411357582b39bd2a479a9,121077,
capias profine,2ee74c2e7392fa342e45253e6614ffa6,6851,x
"rrl-solid,vpta-10days-cpf",092784729bd6767480ba73ae12b06650,281701,
'c' fail to stop cpf,31c1711f57ce5bab862f932df28834b7,161041,
cpf-resisting arrest,7815c3c5a937e22b417a6be3ecfabfed,210293,
capias profine/misd,6f475047b8ed1e8109641c62056ead3b,37271,x
cpf/unattended child in vehicle,88a2f2b608735e640cab99053b370e1f,3845,
poss cs pg 1 <1g,d37f8729a13deab49f3591b08f3090e0,18993,
no vacc tags on dogs-cpf,0b3c6c41377b336c9e54530c429ad6ae,30268,
poss drug para,a57d8f5082632ad5f0a665e96b9d2335,52638,
municipal ordinance/ftp/fta,7c04dd9b11d1516b6803184ceea5cd8d,36562,
capias profine,7ac840e22ae9adb8c41dfd7895edc3b2,2514,x
fail to display dl,945d4e83e2ef440307f77f0fbe181770,277408,
ftmfr,bd3fae0dccd344fed765290337969559,90153,
cpf/fmfr 1st,e242e27a1756c7f0099a09038d083adc,97849,
pay or stay warrant,c8b48b86c42ba14ad4d82eff0524359b,6906,x
'c' display expired lp cpf,1ebda735202edad7b8a4cd6f8b1e072e,216728,
dwli,5a9f2d1d98881d5f795f8f03d53a9c9b,26736,
public intoxication,6209e1288596841043addd31c818f4a1,26647,
cpf-no lia ins,8b045c20cb8b428c5920f9c7b5bf00e7,238505,
cpf/fail to identify giving false/ficitious info,e4021ae57fd398a6538254cb9285b21b,88214,
capias pro fine/no driver's license,b7098e6dabce528af4c847b6684d1b78,104788,
ran red light,852568671bf59c618bf34b21029306a6,30732,
cpf/theft stolen prop>=$20<$500 by check,5678e722e0a6112acc515d68dddcbfc6,35390,
failure to appear on class c offense,7b84124b0dc2f67873a5daa20a2caa44,17439,
cpf expired registration,41f278ab21e1d4bde09ce3efb43f0ff4,120802,
mnso ftp,bb09cd7834c870f4d7204354216368b1,30866,x
cpf/fail to display dl,e7aa8fd5cfd9f7dd5c2b650d2997ab66,17127,
"'c' disobeyed red light, cpf",dae8d77eeed13ce378fe5a5c7763cbaa,148666,
cpf-poss drug para,a0e0e3ab5faff3f4f61fd85382364832,321107,
(capias pro fine) speeding - 15 miles or more above posted limit,ca3c02e41608e2263f1837ace001d581,57889,
cpf/dwli-c (kyle muni),e4f9955f6b24b1d69bba231832af8610,130340,
failure to pay,c04cfd40414b253267f5ce355bf717dc,9388,x
cpf*assault causes bodily inj,64043ea5bd57beee725eab3afb334711,115346,
no liab ins w/pr con-cpf,336304fd030128feca83486dc6474e21,305062,
capias profine/misd,12791149207131856e55620cb3225ecc,45307,x
"cpf-nli,vpta",1f2acaa5064418aa444c9211054c7293,387385,
public intoxication,e7fa5fb0340df84a147b6eb155b7ff8d,1005,
bpd/cap prof/public intoxication,d839765c5935b5806b62844bddd54aaa,7633,
capias pro fine,355988998dce1bf13ef9a3d56ae5279f,248098,x
cpf/ride not secured with seatbelt,6a8960c85fc254bd04176b85e9ad705b,66133,
cpf/driving w/lic inv w/prev conv/susp/w/o fin res,beba5e3fa49ecedb88bceb20c74c38f0,15539,
fail to control speed - cpf,3f29e381482f9fc6c9e97dc5b5de55b6,53482,
capias profine/ failure to appear,914792d71ddb360336bbd018b72daa85,139336,
theft less than $50,04c1172f282fefc899f4766168da828e,74240,
cpf(violation of promise to apperar),22619f647d29ad71a9bac5ae946766ff,43094,
public intoxication,eb377caeed3fc6493c3ea337dd9ec95f,46001,
cpf-ndl,231e6f59bf78d81760eff764baee8e09,136059,
cpf-failed to signal turn,78a2f0d99b6adc63475668413164ed88,192081,
cpf-traffic,7147d6297782b1aaf8687a4e5bdbb9c5,299718,x
theft,55f3b2339fab976db9214c45ebb315d1,49544,
capias pro fine viol of safety responsibility act-non,6560d2bdc264f18ab505fcbd2cb63960,215885,
possession drug paraphernalia/cpf,438d50644e2c3c8bacb98ebb136bb7e8,17409,
capias pro fine,1a77c704000cee2641d40d5f60cb920b,116058,x
assault fv cm,e9c137aacb424815e43ce16f269fb027,89855,
capias profine/misd,ac5ddcad72ff7911b7fac86a5a8a77db,26618,x
issuance of bad check,6e8da327e35b3b115c4641b616444611,2288,
public intoxication,ec9a2a7fe93683f521ded52e57baa660,16912,
cpf expired inspection sticker,65b4deccc4a474981563e774044f4540,135489,
expired license plates,382f61deec2dd8f5e7325a74d52865bb,1744,
driving whilelicense invalid,85337aa54354315a264239d30894215c,11489,
"cpf-doc-fighting,fta",a3269f7dc3ecbdf52f9794b2ee600f5f,181753,
capias pro fine / speeding >= 10% above posted limit,bf5ae28c037ef1bf76aba5d7d77950d6,77289,
cap prof/dwli,4e1e39571970cbc3c9f2229e7ddba791,43814,
dwli-cpf,e90b6dfefbdda04752b1196611c4e1e8,314129,
lacrosse municipal warrant,635116b3b8b93fa091e5c4bc81ad8848,54078,x
cpf-ran stop sign,6d1cb16667c9e84110ee61b838754bfd,335480,
cpf/public intoxication,825c3960521f1083ac693b4cf439c7ba,123929,
capias pro fine defective headlights,fac62b42228365bde1d981b7427f5352,142517,
capias pro fine-  no  driver license,a8a8535dd00a552dc68434d719364c75,43816,
"cpf-ndl,spd,nli,vpta",d2eb1226cf309cb2ca5b9b04f34f1b2e,451953,
cpf-fail disp dl demand,001530269fffa01b21fc0d2dd54ddc21,91926,
assault by contact,fdef87cad05ffde438872285fa42a923,67538,
capias profine/misd,c428c6e3884636b34293c0704b14e9fc,34648,x
theft prop>=$20<$500 by check/capias pro fi,791c9cf6d413196c5a3277b7dfeabe5a,11260,
"cpf-ndl,wrg way,nli,n lgt",6b677b576a2be45b5a1cbf90e76d3f74,245058,
capias pro fine/motor vehicle inspection violation,4fcd061c288def229c27b9e9b5655727,82837,
public intox-adult-cpf,98a21ed7bd5c5722db503154b9d4f2f5,353594,
fta/liquor violation class c/open cont.,f6e8be86e1a3933d64876def23de4ccb,4575,
capias pro fine/backed without safety,ed9985ab01978db010fe55d14e3c689b,71085,
capias pro fine/ dl no drivers license,dc4d499ba81eb85699f7e93e28ffad09,190725,
capias pro fine theft u/50,4ec4b03fb67b0093cc22f17b6ef87bfa,196133,
capias profine,59d3e0eac505d326784edaad5f2fe8f7,107282,x
cpf*driving while intoxicated,c9b7f2ed9e90be8ab32d8ef026751a35,79735,
cpf-exp insp stk/exp plt,ab8f08c7fac00239cd8586b44c633668,3609,
driving w/lic inv w/prev conv/susp/w/o fin,1ab00d3baf8fa5dc3a45bf9d849fe8ac,1976,
cpf-traffic,40b55b3ba5b0cc77a8a3d66bb9d92545,30022,x
capias profine/misd,040f494f959c42d4b5524da12bc2c96a,39382,x
conv / cap prof/mtr/theft,6ac08628df93fef57f4e358150101075,292,
cpf-unsec chld u/8yr,0c9130dea7fa5747ad17e21359df6f8a,395659,
unsafe or fail to control speed,7829d93bcf131f7b03c3029365f42bd3,45359,
capias pro fine unsafe speed,e35508d21864e294c6460384fee8d7ad,235064,
other agency warrant,0cb128b38571c6a188ba359fc2068783,68707,
no seat belt,e83cf1ee10c5720febb4f550a08d7178,71700,
capias pro fine,9dd821aab54e0d6709fb52726f6d1928,188340,x
public intoxication,cdda6b13c649093e1b3fabe33bae0599,20583,
traffic-cpf,3b5bfb4ba5cd750a0c1b22c501ebf40e,192913,x
cpf*speeding- 10% or over 44 mph in a 30mph zone,0f6897e9ec4ae0970640f688c3f73e13,76488,
failure to appear,0391da9e39c380c56cf7b0885cb5f342,34309,
capias profine/misd,576f91e525b961f7fa3966b5c81a7955,42019,x
capias pro fine viol of safety responsibility act-non,46491180bbb38ad21e43ec282a8bfbba,177478,
public intoxication,2eacb8ffe6dd528dd10f2763b9ebd021,27,
capias pro fine-no valid drivers license,66681302c673c9110a59b467d4b69257,48757,
fmfr,eec688d2d9111ca94f071b1aa28a65a5,10209,
public intoxication,064a436b617aae2a0d7b313424aa92d8,51694,
capias pro fine (expired registration),3c75578cead57ca13256370937a4afc5,8442,
commitment order,f25ffbfd09c82163276461853e5e6074,1715,x
'c' invalid license cpf,9f732d59b1b004f5980b9f5166a4a915,151647,
cap prof/pom,2631f2f4ffcc8089300b6d8d96141091,78652,
cpf/mic-c(hays co),a98640392618596955ae51b2a4268430,56775,
'c' no valid inspection sticker cpf,7a6e18e6fcfa2432711a103ddf896b2c,212670,
cpf/acbi/fv,e752ea13d6407809c7e03ceb3cddf01f,221487,
failure to appear,90f751448ac412b7666635b606f791ad,2843,
capias pro fine/failure maintain financial responsibility,635d68dd9222bf049624518114d357cb,92711,
so-123195,226c9f32698508d0d8d3f2d67eb08b3e,28286,x
cpf/speeding-school zone 20 mph over the limit 47 mph in a 20 mph zone,bff56d533c1e0a1b99bdc1a5fa5ebe9b,221120,
driving while license invalid-mppd warrant,c723506d90286e071d6d5415cc068338,27481,
capias pro fine/no driver's license,90ecdf07b54d5bbfff183d6a59d8effa,98072,
capias profine/misd,357c9c49b943fb48cd2936fdd9caf92d,23749,x
fta / cpf,44c743ef512078ad4752eda95f9983a0,72403,
capias profine/misd,f712adfdbb57e00314400cd0bca10710,17228,x
failure to pay toll after notice of nonpayment,685ef55df69e6766fe5020da26907ac8,76225,
assault by contact,0b130ada9c015075382f1f01c34d0b2b,40988,
capias profine/misd,4dd641c922e0382c6c85a94909dbe979,16749,x
capias profine/misd,8b1011508b7b22cb7919803fe0a60801,6793,x
poss marij <2oz,aac6e10e977cf8e9bb88b47a6057d36c,5221,
capias pro fine/ assault by contact,02c2b3b7a963d91c4463069765ad7412,20771,
capias pro fine issuance of bad check,934b0930cf53d3d8f1ac179225377897,161017,
cpf-nol/nli/vpta,cbe41d5f75cf5759e745e277be4bc4b0,189178,
rev prob/tbc (m),3a7c22c0288690477b6c267b79fe57ca,4797,
cpf x 3,0e587d0a16a741998d2cb2395002d69f,91697,x
bpd/ cap pro/ fmfr,274aa4016f2ffe76d24c03a7763bcaf5,95365,
capias profine/misd,fb41c1a74110240afa46f7b7761c09e7,7895,x
"speeding,nli-cpf",0f68c4ac056c9f6d1bca2f929a7a3901,264711,
"'c' dwli, cpf",1cd49ebf80fe26101f7f859c70873b61,177413,
capias profine/misd,e876adce0b15e2ba65613c1269e8ac50,44531,x
cpf-poss dr par; fta,f240e4d41b6b4acad24a6c1f895f949e,316487,
no driver's license,f2dc47903e7403f8cd308dbc4e66f14a,129898,
assault by contact fv,36957baec62771d6042e176efcf40316,32665,
dpd / cpf / no seat belt - driver,71c69ffab7f9fc17ae998eec2ff95cfb,31803,
"pampa municipal violation-cpf-fail to
control speed",cd79d7391a9253d5a4e2b45e5a17b1cc,10087,
capias profine-display expired registration insigna,391b5e0aa463bb6efc9911606a03d8cc,400,
pluries-cpf/deadly conduct,9875491297da83fcaa772a89ba15dbe3,16176,
jp1/cap prof/fail to appear for trial,0e10345ba669ed439d37a3a339779b8f,87852,
lacrosse municipal warrant,ebd2699dfa38d03251d7fda54f984553,40024,x
public intoxication,5465a9f839b2bd275c37286f051f85f0,184688,
stop sign disregard,758fab4c6088cfa81c47dc80afe808a4,35765,
contempt of court disobedience of court order,1c746e6879f571a64be84bf264d96eda,22273,
"unsec chld u/5 or<36""-cpf",68f954a09f9740e1caa3ebf908d49e48,198910,
capias profine/misd,b284343c6108313069434a97960dea56,25929,x
parent contributing non-attendance (capias),0a7b575a968371ba25de530a6c5ab47d,33604,
cpf (no liability insurance),ccec11d7dfd4007bcb632d769292daeb,82887,
cpf/driving under the influence-dui minor,5b36f9910705faf6943dac56db6d4e7b,27841,
cpf/defective tail lamp,4cf3a06b41f01e1fbdc35ff2a57a91a5,112093,
cpf x 7,1a87208276f4d65313de7e9caacc6fe2,75739,x
mnso ftp warrant,2a0d15cd025bbf3619cc5f488bd6dc60,51994,x
driving while license suspended,8c1d5a807d780afdc6037c378477daa8,9130,
cpf/duty on striking fixture/hwy landscape>=$200,20d047c4d26f7d97abb9ab9da4990fc3,443542,
fmfr,b3e484c9cdd360e736bbf1fe3b6c903b,39616,
capias pro fine/oper unreg mv,8e44aa5fec0bdca7f8c263cbc0ade530,13140,
capias pro fine fail to wear safety belt - operator,1ea12cdf0bc9375aa71b87b8d553c105,39662,
no dl,a4c8ce3a66c5a55f085fc7e03466c460,67123,
bpd/cap pro/dwli,4bc4f96269caf514b269388dced14637,97648,
cpf / exp dl - c (sm muni ct),1b8add45e3e70953be787f81d73c8077,9228,
operate vehicle with wrong lp/registration insignia,b45c538d48931f14f56240f486b34fba,59852,
no drivers license,40ac9849777c12d4b59fb41801727452,29784,
capias pro fine no driver's license,23574a8be91cd8d3f69662f158ee265d,134983,
capias pro fine,9d907b7585781128b81438980d8dd091,107079,x
no insurance,61eb5de415b985a20623390dbc0c05a6,9773,
alc-minor in possession/cosumption,97f725f3730d53af60050f791e109f18,4696,
dwli-1st offens-cpf,a8039369c6c04291723a5936bca22b06,388971,
unsafe start from parked or stop position,61f481dd44fbf7c6b0c380052c9a9d38,32236,
capias pro fine/no drivers license,bb707a5aaf08d6bca36e53e347aad2d5,79675,
theft <$50,77d696553b43a6c67de00c3a1e3c9ad3,68977,
bail jumping and failure to apear: from pun. by fi,6a769317534bd3190439111671f8819a,18326,
fail to show fin response,6ec91ab53688c5a19cc053b647cbfb4a,785,
no seat belt - passenger,08d43b41edd1850753f47d60a78a8fa2,161016,
failure to appear,fbdfc42c38b4ce093dc4a7be617c7198,17098,
cpf/acc involv damage to veh >=$200,f59dac490268418e84a68b393f014d32,27374,
"rev prob/man-del,cs pg2>4g<400g",25d7dad5981d915adeb4519152f1b065,63462,
cpf - motion to revoke probation - asslt causes bodily inj,9f951860da13348845718764a4d5cde6,100498,
exp insp sticker-cpf,97c06fdf2b53929606dc4d343dbcf8b6,303287,
rev prob/dwi (m),d7317d3903a7fcca4bdd06e40ed7271b,1372,
"unreg veh,ndl,nli-cpf",204d6874015bd2091fe968955b142448,400676,
poss cs pg 3 < 28g,1c084bb2ed18637f0ba34ec7605bb2a2,37255,
wrt-cpf-fail to chg addr,74d1cf61d237771d6b97ba506047fea6,118225,
resist arrest search or transp,6ce61bfe69f000cf2518cc54922ca50f,91310,
cpf/ no driver license,94f098c7d3a8784d8b38d2bebbe1a18a,4352,
failure to pay toll after notice of non-payment,e622b507f646fa0089cb2b9d5203585f,55434,
poss dangerous drug,b521681f7bd42a665dff9919e5dfe28f,73506,
capias pro fine   x  4,cfeb74dc35fa4cbb621b692255e479ae,199218,x
dwli-cpf,c1d9f74f4ae3d831a706ac0bf058e367,118121,
nuisance ordinance violation,260b011e61c064bfaaa96f8675455870,11695,
failure to appear,45040b930b7ab82dc79e18ff33dc32c6,56309,
dc-cpf,19d83560d344c20ea51c0e4bd60da290,60449,x
cpf/criminal trespass,7952d9f9f96268d53b28ba80cf5f6a02,45468,
failure to pay,7e71e576ad755403f78d8c5a2716c185,17608,x
trf/defective stop lamp-left rear,7f100fe32afb5b917271fc0c0ed0025c,165731,
cpf-asslt/phys con; vpta,692ff863a77e8f0a612c96347d76fc86,265815,
hold-harris co/cpf-unlawful carrying weapon,b8ae710787a147f874b12f9d06194ff9,66551,
capias pro fine no rabies vaccination,c8b3ec8511af4d7f8074de1760141679,157077,
issuance bad check,a8decfdc410f2824cffacbd94ebcf642,10856,
cpf/ dwli - invalid,cfc973ae0e4af76912eb442be30c217c,93837,
public intoxication,49f8d5d74dfc584a2aee1d54437f3203,8587,
capias profine (fail to display registration insignia),de60a06e8bbd93095c9af2e3751fb1bc,126874,
"dwli, cpf",48dd6c4c98bed8bd0c7043250dd88541,152263,
capias profine/misd,b84f7e872fcbdbf2ecf439f8a9371d29,24612,x
cpf-traffic,8ab52cd4ce1d6bd3f2dcf74c47d36daa,299193,x
cpf/driving while intoxicated 2nd,c80cb1b4010e3fbc6b1bf7010931f65c,39445,
cpf/speeding (exceed prima facie limit)-86 mph/65 mph,b554384bfa6d1df594157b7f0eb1e77a,38720,
'c' speeding-cpf,9a99334a4acc8bb772322d0ec1a5ed6e,183304,
lacrosse municipal warrant,87ba983644d59b141fce50586e0c5fa7,129421,x
cpf-unrestrained child - under 8 (unless 0/4'9) (1 st off),5bee54f08750fb68f1465d7a1ff086b4,290520,
cpf-trespass sch grounds,4f7bdff5982f3174765f089a4ccae992,305321,
cpf-ndl,b508656399f209d492d13970e43d725a,467572,
fdl comm: theft ct1,23535e482e68a85a1e1e3da22c64dbe9,11958,
cpf-assault phys contact,aa30a3e9b42274e57dd358b27923ec97,481939,
cpf-public intox-adult,c2ff48c987ab95929e9d0805aa558d4c,184778,
public intoxication,958d36d751293c9637e993741c66a263,163156,
burglary of vehicle,3b1073c9013caa0a290a48faa6438c8a,6850,
issuance of a bad check,fade7d48ff32fb4f57773db9e3193395,106,
"cpf-ndl,nli,def tail lgt",eb06c1d560f14540de99a2c97af93dae,85352,
disregarded flashing red signal at stop sign,d405f3ae6165db01b64095307914970a,62258,
fta,4f3e9fc4e7a0e2a980cbcbbd4f85b293,3566,
no driver license,54466f5659b40e029e6fd2a4fb9ad221,5111,
capias pro fine/fail to stop,6929f6643cfb8543532ddc7d4bc6d45e,28332,
cpf x 14,d6ab207558212f1d2aa0173e7489ece0,29184,x
minor in possession of alcohol,e1ebb3879f6b6ac5134cd3a5350ff6c3,20551,
cpf/littering (illegal dumping <5 pounds,94c2960c56139f141ac8510440f9561b,365631,
dc-cpf,f609a19301da5d59a1abe864e19d04b8,37321,x
capias pro fine/public intoxication,493af2b831f694946f4052031d853ec8,96060,
capias pro fine/unrestrained child under 5 yrs,98bf40fdef526020747a1e5fa390145f,88996,
cpf-expired or no valid inspection certificate,b33b38e47aa886deec24bfec74ef0a86,16706,
no drivers license,f9f38f14c0d485317a15abdec8d4be8e,23754,
hold harris co viol protective order (cpf),84e8597be8c45051931d1ae9935606bd,87660,
dog not vac/permt/fta-cpf,be3964d0f3bda1fbd6ff40a04334d5c9,320117,
cpf/asslt causes bodily inj,0f08dcaf25af9b97a047cb1b77c7663e,13742,
driving while license invalid,ff3ff0f5c9758aea221cb634cb64f25f,14469,
assault f/v class c,73b5adfb43e14ac5987ac72d06a38a73,101461,
capias profine-violation of safety responsibility act,8b9e25980420eb99c0f587d246948c26,4044,
failure to pay,a83c448b565fc92292ac17e3e3993eb3,4621,
cpf/no motor vehicle insurance,3eb425138c452bb5aaf976c4b5cdff4e,129324,
cpf x 3,bb2e6977b73e3e173befde7dff7b316a,152103,x
capias pro fine/driving while license invalid,ba1f50c09a9124f2c417fb781bbaee05,62326,
hold harris co op mv on toll,df30642e76cb9ad661a5a373267a88b7,99934,
cpf/no drivers license-1st offense,945b6a4a6d646a474452a52b1cebdb79,17837,
cpf/disorderly conduct fight,269caa72f27222447ce910b1f7385974,158733,
contempt-failure to pay,e49a904f0a98a46319438ba90cade08e,168167,x
fta,6e9165a23d114c7ad2d073384972d5bb,1208,
capias pro fine possession of drug paraphernalia,46cc0ef66c492c2d2a6580289f0105ae,48208,
usms,5721ed800510a0b4bde9f4dcaf766d0d,46960,
capias pro fine,d47e4407772c77e7550f1ec0a0a1c06e,122583,x
capias pro fine x 3,0522d608a72a4fd4c56365fde77a2977,58139,x
cpf-fail to maintain financial resp,39080878a0ce952f6eed9817c0f1db56,245003,
cpf/delivery of controlled substance,6d1ee4d45dfd1fa8cfab1a4b11c6188b,39399,
cc8888   - *invalid fail to pay toll,3d35b7af569459145c7760713d210d6f,32116,
cpf/fail to maintain financial responsibility,47fbae10ccbeeedcb0ac2d2a9c984b3b,179828,
cpf/fmfr 2nd,d650705d54e1322380d48c4e7f437589,391305,
fail to signal (specify),54b9b8afdbead860b1b9d49c8b36b518,123862,
capias pro fine,2a5bcdd27dfaf2b374bfd021440bf5cd,188017,x
att crim tres-cpf,9b94240a2cf4f217c230d614b49a3ed7,348142,
cpf-theft prop>=$50<$500,daec3ec41e044cfd002490ce54165e3a,74602,
lacrosse municipal warrant,2f90a5e5994f1ad3f56730bc0405aeb1,30330,x
failure to pay,e94057fcf929ac7b94ca3b9994c18f59,8411,x
"traffic, vpta-cpf",980398b155ae1489eac45a5a5a3eeb96,195570,
cpf-driving w/lic inv w/prev conv/susp/w/o fin res,56f0ab6fdb467d3987ce647dc5ccdb6f,47007,
"""c"" speeding-cpf",83ce19c68704fe1662758d6f8e4f9f6a,174808,
bpd/cap prof/seat belt vio,dc73123286d26968693d9610e8c47d30,17213,
capias pro fine failed to maintain financial responsibilit,6462eac0ca79bd17a6adbae25c187a66,201066,
criminal trespass-cpf,5ae537ab57bfa8219c2517489aa96a4f,159930,
unl carrying weapon,f3fcf72e90ba116d78ac5a56f958f9b7,15508,
theft u/50-cpf,c727cd021c99d4a1602b07b1550bd6b3,92974,
capias pro fine,38504ffb3a6d5e50ac8bf7f37375f46f,225624,x
no drivers license,dcd61efdaada045d3f30c82f9dc84d61,20070,
'a' assault cpf,6f59f0f3a4fdc0f825f0502af8268f3d,2592,
drive w/o valid dl cpf,3be0fe86a66c9cfc900130244c416a15,181198,
cpf/proof of financial responsibility,9d5c0c6f6f620bac03d6885324767b6e,19696,
driving while intoxicated(capias profine),d40cf67a798f85576e1835756a4975c8,4421,
dwli,8fc19d6ba2a7e9d6972f671d1781b253,11801,
issuance of bad check,28d553af610c4a8f25997de7bc5942fb,12655,
capias pro fine x2,5e6b1ccf2d30101a4672069182c633dd,177177,x
public intoxication,c445e64a458803d21e06c8ee1c38603a,26851,
capias pro fine/failure maintain financial responsibility,05c6a264f21c3b074937b102e94f723d,68495,
municipal hold - gpd,0e52fec5e922fa054b5ec8c5b193a0cf,109816,
capias pro fine,55c606b0e151a1a1b2c15c1c971f550b,191693,x
capias profine,fa31a4f8370f411d2f072c357e1fbf13,1285,x
cpf-no operator license,c4204317ca710b37dcb639fa1d69f770,238375,
cpf/dwli-c (kyle muni),4ecaa8af68ffdbaf8c657bed237f7ae0,134396,
bpd/cs default-cap prof/poss drug para,a1182c4d7b6052d66a229810f6b94c74,22062,
capias pro fine,2cd08bf4f82211aba1aeeb2b1fa6ae2a,165857,x
jp2/cap prof/mip,26fd64139b4c31e0ed0ce22e332deb35,82172,
capias pro fine disorderly conduct,c1fe353a58e45936ab13adf953128222,6768,
cpf-display fictitious license plate,d5f2957b745dbc5f39d18bed5e2d6377,44072,
capias profine/misd,5282cfffa7586376361bc8ea3c1f1cca,45382,x
bpd/cap prof/aslt by contact,d048a7f2b7a8fdee063e0ee578f311d6,46878,
capias pro fine   x 4,5993dabce9ee845c7005d84d797ed68d,116232,x
poss cs pg 3 < 28g,998a3b8f6ae5ba7450fec13489dae458,20808,
cpf-consumption by minor,3f405373d65e034ac08c560f81361a98,257726,
capias pro fine/no dl,4d38c6956b4e3c71263e4d1933ea13c8,87374,
cap prof/mtr/dwi,65a05bf8c13aa4e6fd579d19c3acfe30,69876,
cpf-no drivers license,973f346fc541ce8502fbef6bbe66423b,78829,
capias pro fine,533665e4a28d27e07674bfebaba6fcc2,174451,x
cpf-driving while license invalid,18810efd9f03310a65e3faa71c5f331b,227231,
cpf-no liability insurance - subsequent,e170759fb99609bbde5d18b2ff6693d9,279884,
trf/81 in a 60 mph zone,60e3a8f9e8aa12a6624b664b60fec04f,54874,
commitment order,56f5f92c229fae4afd215a1f576e4f81,14273,x
capias pro fine x3,65db711d4c44768e58599b5ffb846c73,204982,x
failure to pay,5be8df5662e53b354d7d13da9022738c,38688,x
poss drug para*capias pro fine,419a9df9473c4b9ed4786d2ec6964a87,8521,
public intoxication,55a0f9a4937f5b3d57bb134d2e9fb04a,89976,
cpf-theft u/$50,2a47eb060f76a51613afae33b0456569,258335,
capias profine/misd,75207d334aaa3f96aab3ec6d5109ef6c,45104,x
capias profine/misd,5e59e15d00a3c2510829c39f09061fbd,34642,x
cpf/speeding(541.201),a1bc23a73b07e41061e7e3bc0d7be02d,376901,
capias pro fine,02ba790c8c32f4415f1bf8168ad090ff,100132,x
poss cs pg 1 <1g,bf760b3c57c0d6bd2f7ba5b0eb67a542,7215,
capias pro fine/unresonable noise car stero,330061bfd1f744a36bf76f14dba5dbec,160139,
cpf-no driver license,108dd820575a24f6a562a61054af6905,429100,
cpf-fta,f2e3d8d611e8fbb23d0fd49efb28a6de,95659,
no valid dl-cpf,ef1287830f476ddf607d057bb844bdc1,59756,
failure to pay,d2a5c07ff224e10770a8b15d9067ac1e,18951,
pi by minor,f9d9c99b9de4b4ad3a653dae833fe128,39061,
cpf x 2,ef7b9530b7e660a1cad45ccba03df4fb,61306,x
capias pro fine,fc481657feef3b7f9e0324ba3f05983d,267949,x
poss marij <2oz,653d48ac7d172387c3a14035668abd59,5720,
jp3/cap pro/public intoxication,0d607f33e2639d078901ed0e9b87c4c9,34728,
cpf-ran red light/nli,8184e9de22fd8e48e9963ec53007dc44,427878,
cpf//operate vehicle w/o registration,435691fdb5216dd7240fa9444ffb73ea,432118,
hold harris pct 3 ftmfr,07d83647ec4bf4229b30ba342b4549d6,64646,
minor in possession of alcohol,6b77fa385588db60d27a21b314ff48a7,132898,
capias pro fine,c9f408c6a2e1213df20b43bedc57daf4,185794,x
cpf-traffic,61cc9cc870ac32eb7f8d28939a847c78,13726,x
consume on premises-cpf,a01645a36533171d0286eaa17b0c9526,300254,
trf/display wrong license plates,c843bfc9c67893ee7c0fb19d6162e6a2,11537,
"no liab ins,disp exp-cpf",16ff3423754b4a3d92ef5cc089b04296,342643,
capias pro fine-issuance of bad check,8828a7d6b71578425641f537e83ad27d,158015,
cpf/ failure to maintain financial responsibility,469fa92afeca06d251d8ee16e3401444,372642,
cpf-ndl;ins st;speed;fta,998995163de492267e159628e3b0a368,420156,
cpf-speeding/ndl/vpta,5b1228575324a877b0c5e6cff981c313,339520,
no proof of financial responsibility,0bffbb4fb017bda0f02dff53e0ce5081,9710,
commitment order,a2a1b9c4cdebadf20d9cee8d79922e91,3150,x
unplugged shotgun,f73056a0c2ddcd50c3da0e17c1f9fcea,11780,
cpf/drove without headlights-when required,7c8b18dfed5f23a33576179318bf6889,144861,
cpf- fail to maintain financial responsibility,5e15b4503341363858bab0b98c32e67e,142199,
cpf-ran stop sign,a1a5b520aca7395b056fbacc0f60570f,426077,
cpf/speeding (exceed prima facie limit)-82mph/60mph,98091951ce132787142747443f86e50b,47441,
cpf-ibc,e47c71c1b568b6bc6bc9b256f374e23e,5713,
public intoxication,bfb318b23871c0436c927949813c40d9,23022,
cpf x 1,663dd5a8dfe6744fdfa48527aaeca7c7,12010,x
fdl cond time comm: burglary,fe533a75e869d9bd5f21e9b1654990ac,11047,
capias profine/misd,0d5501927ec48223f9a2e240ffc6ea69,2509,x
"'c' animal care & humane treatment, cpf",c2dabc7d1919e42cc8ca60cec5bef431,110236,
public intox (cpf),b9be094468c615ace82874837cd6ce38,25184,